week_number,boundary_post_id,boundary_post_datetime_utc,boundary_post_date_utc,boundary_username
1,11511091,2025-09-29T15:28:00.000Z,2025-09-29,haunter
2,11511467,2025-10-05T18:05:00.000Z,2025-10-05,haunter
3,11511707,2025-10-12T17:05:00.000Z,2025-10-12,haunter
4,11512039,2025-10-19T17:04:00.000Z,2025-10-19,haunter
5,11512297,2025-10-26T18:10:00.000Z,2025-10-26,haunter
6,11512716,2025-11-02T18:04:00.000Z,2025-11-02,haunter
7,11513205,2025-11-09T19:39:00.000Z,2025-11-09,haunter
8,11513587,2025-11-16T18:12:00.000Z,2025-11-16,haunter
9,11514001,2025-11-23T18:05:00.000Z,2025-11-23,haunter
10,11514451,2025-11-30T18:03:00.000Z,2025-11-30,haunter
11,11515195,2025-12-07T18:11:00.000Z,2025-12-07,haunter
12,11516613,2025-12-21T18:11:00.000Z,2025-12-21,haunter
13,11518147,2025-12-28T19:32:00.000Z,2025-12-28,haunter
14,11519607,2026-01-04T18:05:00.000Z,2026-01-04,haunter
15,11521210,2026-01-11T17:48:00.000Z,2026-01-11,haunter
16,11523010,2026-01-18T18:27:00.000Z,2026-01-18,haunter
17,11524472,2026-01-25T18:34:00.000Z,2026-01-25,haunter
18,11525165,2026-02-01T18:02:00.000Z,2026-02-01,haunter
19,11525965,2026-02-09T04:08:00.000Z,2026-02-09,haunter
